location_id,addressLine1,city,state,zipCode,formattedAddress,county,addressLine2
1,511 John St,Bryan,OH,43506,"511 John St, Bryan, OH 43506",Williams,
2,1067 Marlin Dr,Rockledge,FL,32955,"1067 Marlin Dr, Rockledge, FL 32955",Brevard,
3,1136 Sullivan Rd,Ogden,UT,84403,"1136 Sullivan Rd, Apt 15, Ogden, UT 84403",Weber,Apt 15
4,101 Trinity Lakes Dr,Sun City Center,FL,33573,"101 Trinity Lakes Dr, Apt 361, Sun City Center, FL 33573",Hillsborough,Apt 361
5,7843 S Euclid Ave,Chicago,IL,60649,"7843 S Euclid Ave, Apt 1, Chicago, IL 60649",Cook,Apt 1
6,2126 Flora Vis,San Antonio,TX,78224,"2126 Flora Vis, San Antonio, TX 78224",Bexar,
7,4025 Chinaberry Dr,Garland,TX,75043,"4025 Chinaberry Dr, Garland, TX 75043",Dallas,
8,2015 N Ruby St,Edinburg,TX,78541,"2015 N Ruby St, Edinburg, TX 78541",Hidalgo,
9,1350 Carol Pl,Montgomery,IL,60538,"1350 Carol Pl, Montgomery, IL 60538",Kane,
10,216 Harlem Ln,Catonsville,MD,21228,"216 Harlem Ln, Catonsville, MD 21228",Baltimore,
11,2630 E 5th Ave,Columbus,OH,43219,"2630 E 5th Ave, Columbus, OH 43219",Franklin,
12,10414 Newville Ave,Downey,CA,90241,"10414 Newville Ave, Downey, CA 90241",Los Angeles,
13,535 Encinitas Blvd,Encinitas,CA,92024,"535 Encinitas Blvd, Ste 107, Encinitas, CA 92024",San Diego,Ste 107
14,31548 Stoney Creek Dr,Lake Elsinore,CA,92532,"31548 Stoney Creek Dr, Lake Elsinore, CA 92532",Riverside,
15,6515 Inway Dr,Spring,TX,77389,"6515 Inway Dr, Spring, TX 77389",Harris,
16,41 Homestead Ln,Avon,CT,6001,"41 Homestead Ln, Avon, CT 06001",Hartford,
17,22625 Ne 2nd St,Sammamish,WA,98074,"22625 Ne 2nd St, Sammamish, WA 98074",King,
18,2134 Annette St,New Orleans,LA,70119,"2134 Annette St, New Orleans, LA 70119",Orleans Parish,
19,12481 Canyonwind Rd,Riverside,CA,92503,"12481 Canyonwind Rd, Riverside, CA 92503",Riverside,
20,19534 Stillhouse Dr,Tomball,TX,77375,"19534 Stillhouse Dr, Tomball, TX 77375",Harris,
21,7962 Hanging Br,San Antonio,TX,78253,"7962 Hanging Br, San Antonio, TX 78253",Bexar,
22,114 Severin Ave,Modesto,CA,95354,"114 Severin Ave, Modesto, CA 95354",Stanislaus,
23,1640 San Damian Rd,Tallahassee,FL,32303,"1640 San Damian Rd, Tallahassee, FL 32303",Leon County,
24,2975 Fairfield Dr N,Allentown,PA,18103,"2975 Fairfield Dr N, Allentown, PA 18103",Lehigh,
25,1605 Buena Vista St,Mesquite,TX,75149,"1605 Buena Vista St, Mesquite, TX 75149",Dallas,
26,7118 Hobson St,San Antonio,TX,78223,"7118 Hobson St, San Antonio, TX 78223",Bexar,
27,3901 15th Ave S,Seattle,WA,98108,"3901 15th Ave S, Apt 6, Seattle, WA 98108",King,Apt 6
28,1988 Superior St,Webster City,IA,50595,"1988 Superior St, Webster City, IA 50595",Hamilton,
29,208 E 750 N,Bountiful,UT,84010,"208 E 750 N, Bountiful, UT 84010",Davis,
30,708 Carlotta Ct,Fruita,CO,81521,"708 Carlotta Ct, Fruita, CO 81521",Mesa County,
31,5720 Crown Hill Dr,Mint Hill,NC,28227,"5720 Crown Hill Dr, Mint Hill, NC 28227",Mecklenburg County,
32,863 Smithfield Dr,Northfield,OH,44067,"863 Smithfield Dr, Apt 1506, Northfield, OH 44067",Summit,Apt 1506
33,101 Tucker St,Lexington,VA,24450,"101 Tucker St, Lexington, VA 24450",Lexington City,
34,2514 Ehrich St,Colorado Springs,CO,80904,"2514 Ehrich St, Colorado Springs, CO 80904",El Paso,
35,3611 Jupiter Ave,Palmdale,CA,93550,"3611 Jupiter Ave, Palmdale, CA 93550",Los Angeles,
36,23343 124th Ave,Rogers,MN,55374,"23343 124th Ave, Rogers, MN 55374",Hennepin,
37,21999 W Sonora St,Buckeye,AZ,85326,"21999 W Sonora St, Buckeye, AZ 85326",Maricopa,
38,1982 E Roanoke Dr,Boise,ID,83712,"1982 E Roanoke Dr, Boise, ID 83712",Ada,
39,3231 151st St SW,Lynnwood,WA,98087,"3231 151st St SW, Lynnwood, WA 98087",Snohomish,
40,17041 Carolyn Ln,North Fort Myers,FL,33917,"17041 Carolyn Ln, North Fort Myers, FL 33917",Lee,
41,2641 Whispering Trl,Little Elm,TX,75068,"2641 Whispering Trl, Little Elm, TX 75068",Denton,
42,406 Beech St,Bakersfield,CA,93304,"406 Beech St, Bakersfield, CA 93304",Kern,
43,2918 Sand Pine Rd,Miramar Beach,FL,32550,"2918 Sand Pine Rd, Miramar Beach, FL 32550",Walton,
44,129 Reena Dr,Daytona Beach,FL,32117,"129 Reena Dr, Daytona Beach, FL 32117",Volusia,
45,1125 Sail Creek Dr,Orlando,FL,32824,"1125 Sail Creek Dr, Orlando, FL 32824",Orange,
46,1451 Washington Ave,Bronx,NY,10456,"1451 Washington Ave, Apt 16H, Bronx, NY 10456",Bronx,Apt 16H
47,1211 5th St SE,Cedar Rapids,IA,52401,"1211 5th St SE, Cedar Rapids, IA 52401",Linn,
48,15103 Nelson Ave,La Puente,CA,91744,"15103 Nelson Ave, La Puente, CA 91744",Los Angeles,
49,4712 W Powell Blvd,Gresham,OR,97030,"4712 W Powell Blvd, Unit 235, Gresham, OR 97030",Multnomah,Unit 235
50,33 Spring St,South Hadley,MA,1075,"33 Spring St, Apt B, South Hadley, MA 01075",Hampshire,Apt B
51,905 Terrace Ave,Baton Rouge,LA,70802,"905 Terrace Ave, Baton Rouge, LA 70802",East Baton Rouge,
52,2881 State Hwy,Tyler,TX,75704,"2881 State Hwy, 110 N Lot 17, Tyler, TX 75704",Smith,110 N Lot 17
53,Diagonal Rd,Milford,UT,84751,"Diagonal Rd, Milford, UT 84751",Beaver County,
54,4625 S Drexel Blvd,Chicago,IL,60653,"4625 S Drexel Blvd, Apt 205, Chicago, IL 60653",Cook,Apt 205
55,4122 Heyward St,Cincinnati,OH,45205,"4122 Heyward St, Cincinnati, OH 45205",Hamilton County,
56,2756 Bonita Dr,Valparaiso,IN,46385,"2756 Bonita Dr, Valparaiso, IN 46385",Porter,
57,1891 Suntree Ln,Simi Valley,CA,93063,"1891 Suntree Ln, Simi Valley, CA 93063",Ventura,
58,2648 Arrow Point Blvd,Eagle Pass,TX,78852,"2648 Arrow Point Blvd, Eagle Pass, TX 78852",Maverick,
59,6631 Frank Ave,Jurupa Valley,CA,91752,"6631 Frank Ave, Jurupa Valley, CA 91752",Riverside,
60,4717 Sharon Rd,Charlotte,NC,28210,"4717 Sharon Rd, Ste 200, Charlotte, NC 28210",Mecklenburg,Ste 200
61,2516 Deep Eddy Trl,Keller,TX,76248,"2516 Deep Eddy Trl, Keller, TX 76248",Tarrant,
62,4045 2nd St,Farmington,MO,63640,"4045 2nd St, Farmington, MO 63640",Saint Francois,
63,5800 Granite Pkwy,Plano,TX,75024,"5800 Granite Pkwy, Ste 410, Plano, TX 75024",Collin,Ste 410
64,6750 Caporetto Ln,North Las Vegas,NV,89084,"6750 Caporetto Ln, Unit 201, North Las Vegas, NV 89084",Clark,Unit 201
65,1311 Scenic Ct,Auburn,GA,30011,"1311 Scenic Ct, Auburn, GA 30011",Barrow,
66,220 Sneden Pl,Spring Valley,NY,10977,"220 Sneden Pl, Unit 220, Spring Valley, NY 10977",Rockland County,Unit 220
67,1903 Miraplaza Ct,Santa Clara,CA,95051,"1903 Miraplaza Ct, Apt 8, Santa Clara, CA 95051",Santa Clara,Apt 8
68,1615 Ne 173rd St,North Miami Beach,FL,33162,"1615 Ne 173rd St, North Miami Beach, FL 33162",Miami-Dade,
69,162 Beacon St,Gallatin,TN,37066,"162 Beacon St, Gallatin, TN 37066",Sumner,
70,962 Bentstation Ln,Lake Mary,FL,32746,"962 Bentstation Ln, # 06-204, Lake Mary, FL 32746",Seminole,# 06-204
71,6543 Bob O Link Dr,Dallas,TX,75214,"6543 Bob O Link Dr, Dallas, TX 75214",Dallas,
72,94 Mulberry Rd,Deerfield,IL,60015,"94 Mulberry Rd, Deerfield, IL 60015",Lake,
73,2710 E Timberlane St,Wichita,KS,67216,"2710 E Timberlane St, Wichita, KS 67216",Sedgwick,
74,504 Meeting St,Charleston,SC,29403,"504 Meeting St, Charleston, SC 29403",Charleston,
75,444 W Commerce St,Dallas,TX,75208,"444 W Commerce St, Apt 1202, Dallas, TX 75208",Dallas,Apt 1202
76,3123 Biloxi Dr,Glen Carbon,IL,62034,"3123 Biloxi Dr, Glen Carbon, IL 62034",Madison County,
77,2120 Denton Dr,Austin,TX,78758,"2120 Denton Dr, Ste 104, Austin, TX 78758",Travis,Ste 104
78,2705 Knob Creek Ln,Knoxville,TN,37912,"2705 Knob Creek Ln, Knoxville, TN 37912",Knox,
79,13716 Sw 11th St,Miami,FL,33184,"13716 Sw 11th St, Miami, FL 33184",Miami-Dade,
80,319 Eland Dr,San Antonio,TX,78213,"319 Eland Dr, San Antonio, TX 78213",Bexar,
81,200 Ridgeway St,Saint Joseph,MI,49085,"200 Ridgeway St, Saint Joseph, MI 49085",Berrien,
82,5521 Grasmere Ave,Maple Heights,OH,44137,"5521 Grasmere Ave, Maple Heights, OH 44137",Cuyahoga,
83,10976 Stafford Cir S,Boynton Beach,FL,33436,"10976 Stafford Cir S, Boynton Beach, FL 33436",Palm Beach,
84,4106 Teriwood Ave,Orlando,FL,32812,"4106 Teriwood Ave, Orlando, FL 32812",Orange,
85,47 Park St,Taunton,MA,2780,"47 Park St, Taunton, MA 02780",Bristol,
86,440 Sarah Ln,Coldwater,MI,49036,"440 Sarah Ln, Coldwater, MI 49036",Branch County,
87,Tbd Sw 133rd Ln,Ocala,FL,34473,"Tbd Sw 133rd Ln, Ocala, FL 34473",Marion County,
88,909 Norse St,High Point,NC,27265,"909 Norse St, High Point, NC 27265",Guilford,
89,PO Box 15091,Winston Salem,NC,27113,"PO Box 15091, Winston Salem, NC 27113",Forsyth,
90,330 Banuelo Dr,Henderson,NV,89014,"330 Banuelo Dr, Henderson, NV 89014",Clark,
91,9290 Starcross Ln,Las Vegas,NV,89147,"9290 Starcross Ln, Las Vegas, NV 89147",Clark,
92,4744 Winter St,Fort Wayne,IN,46806,"4744 Winter St, Fort Wayne, IN 46806",Allen,
93,243 Shell Mound Ct,West Columbia,SC,29170,"243 Shell Mound Ct, Unit 47, West Columbia, SC 29170",Lexington County,Unit 47
94,134 Magnolia Farms Dr,Milner,GA,30257,"134 Magnolia Farms Dr, Milner, GA 30257",Lamar County,
95,7506 Stafford Rd,Charleston,SC,29406,"7506 Stafford Rd, Lot 4, Charleston, SC 29406",Charleston,Lot 4
96,1575 Tonawanda Ave,Akron,OH,44305,"1575 Tonawanda Ave, Akron, OH 44305",Summit,
97,650 S Xenon Ct,Lakewood,CO,80228,"650 S Xenon Ct, Lakewood, CO 80228",Jefferson,
98,4115 W Bolton Dr,Eagle,ID,83616,"4115 W Bolton Dr, Eagle, ID 83616",Ada,
99,1208 Remington St,Graham,TX,76450,"1208 Remington St, Graham, TX 76450",Young,
100,1419 2nd Ave,Fairview Heights,IL,62208,"1419 2nd Ave, Fairview Heights, IL 62208",Saint Clair,
101,2170 Highland Gate Dr,Cumming,GA,30040,"2170 Highland Gate Dr, Cumming, GA 30040",Forsyth,
102,690 Sw 1st Ct,Miami,FL,33130,"690 Sw 1st Ct, Apt 1716, Miami, FL 33130",Miami-Dade,Apt 1716
103,1306 Heidt Ave Ste C,Savannah,GA,31408,"1306 Heidt Ave Ste C, Savannah, GA 31408",Chatham,
104,1457 Fence Post Dr,Haslet,TX,76052,"1457 Fence Post Dr, Haslet, TX 76052",Tarrant,
105,295 S Main St,Marthaville,LA,71450,"295 S Main St, Marthaville, LA 71450",Natchitoches,
106,6210 Limestone Ln,Midlothian,TX,76065,"6210 Limestone Ln, Midlothian, TX 76065",Ellis,
107,2206 Driftwood Cir,West Palm Beach,FL,33410,"2206 Driftwood Cir, West Palm Beach, FL 33410",Palm Beach,
108,385 Vernon Ave,New York,NY,11206,"385 Vernon Ave, Apt 4B, New York, NY 11206",Kings,Apt 4B
109,372 White St,Orange,NJ,7050,"372 White St, Apt A5, Orange, NJ 07050",Essex,Apt A5
110,4343 Plumeria Ave,Baytown,TX,77521,"4343 Plumeria Ave, Baytown, TX 77521",Harris,
111,3838 E Elmwood St,Mesa,AZ,85205,"3838 E Elmwood St, Mesa, AZ 85205",Maricopa,
112,18W137 Kirkland Ln,Villa Park,IL,60181,"18W137 Kirkland Ln, Villa Park, IL 60181",Dupage,
113,375 S Mcmullen Booth Rd,Clearwater,FL,33759,"375 S Mcmullen Booth Rd, Apt 95, Clearwater, FL 33759",Pinellas,Apt 95
114,5855 N Sheridan Rd,Chicago,IL,60660,"5855 N Sheridan Rd, Apt 19A, Chicago, IL 60660",Cook,Apt 19A
115,1621 E 79th St,Cleveland,OH,44103,"1621 E 79th St, Cleveland, OH 44103",Cuyahoga,
116,1203 N Grant St,Roma,TX,78584,"1203 N Grant St, Roma, TX 78584",Starr,
117,3204 Wesley Ave,Ocean City,NJ,8226,"3204 Wesley Ave, Unit 1, Ocean City, NJ 08226",Cape May,Unit 1
118,2481 Freetown Dr,Reston,VA,20191,"2481 Freetown Dr, Reston, VA 20191",Fairfax,
119,Fairway Dr,Yadkinville,NC,27055,"Fairway Dr, Yadkinville, NC 27055",Yadkin,
120,4928 W 112th St,Inglewood,CA,90304,"4928 W 112th St, Inglewood, CA 90304",Los Angeles,
121,3911 Aledo St,Houston,TX,77051,"3911 Aledo St, Houston, TX 77051",Harris,
122,265 Palma Ct,Oceanside,CA,92058,"265 Palma Ct, Apt 26, Oceanside, CA 92058",San Diego,Apt 26
123,1020 Highway,Water Valley,MS,38965,"1020 Highway, 32, Water Valley, MS 38965",Yalobusha,32
124,938 Bethany Ave,Turlock,CA,95380,"938 Bethany Ave, Turlock, CA 95380",Stanislaus County,
125,8638 Maidstone Ct,Seminole,FL,33777,"8638 Maidstone Ct, Seminole, FL 33777",Pinellas,
126,207 S Gum St,Summerville,SC,29483,"207 S Gum St, Summerville, SC 29483",Dorchester County,
127,2575 Manor Dr,Hollidaysburg,PA,16648,"2575 Manor Dr, Hollidaysburg, PA 16648",Blair,
128,5643 Double Oak Ln,Birmingham,AL,35242,"5643 Double Oak Ln, Birmingham, AL 35242",Shelby,
129,1816 Knox Rd,Tolar,TX,76476,"1816 Knox Rd, Tolar, TX 76476",Hood County,
130,1718 Westerly Dr,Brandon,FL,33511,"1718 Westerly Dr, Brandon, FL 33511",Hillsborough,
131,1821 Nw 69th St,Miami,FL,33147,"1821 Nw 69th St, Miami, FL 33147",Miami-Dade,
132,22W245 Hackberry Dr,Glen Ellyn,IL,60137,"22W245 Hackberry Dr, Glen Ellyn, IL 60137",Dupage,
133,7603 Cedar Farm,San Antonio,TX,78239,"7603 Cedar Farm, San Antonio, TX 78239",Bexar,
134,7908 Big View Dr,Austin,TX,78730,"7908 Big View Dr, Austin, TX 78730",Travis,
135,27 Chesthill Ct,Nottingham,MD,21236,"27 Chesthill Ct, Nottingham, MD 21236",Baltimore,
136,887 Franklin St,Jacksonville,FL,32206,"887 Franklin St, Apt 2303, Jacksonville, FL 32206",Duval,Apt 2303
137,115 Georgia Belle Ave,Belmont,NC,28012,"115 Georgia Belle Ave, Belmont, NC 28012",Gaston,
138,10009 Gerald Ave,North Hills,CA,91343,"10009 Gerald Ave, North Hills, CA 91343",Los Angeles,
139,427 The Pkwy,Greer,SC,29650,"427 The Pkwy, Greer, SC 29650",Greenville,
140,1932 Russell Rd,Shreveport,LA,71107,"1932 Russell Rd, Shreveport, LA 71107",Caddo,
141,5204 40th St,Lubbock,TX,79414,"5204 40th St, Lubbock, TX 79414",Lubbock,
142,3297 FM 2259,Nacogdoches,TX,75961,"3297 FM 2259, # 2, Nacogdoches, TX 75961",Nacogdoches,# 2
143,3138 Arizona Ave,Dallas,TX,75216,"3138 Arizona Ave, Dallas, TX 75216",Dallas,
144,8 Reef Ct,Sacramento,CA,95831,"8 Reef Ct, Sacramento, CA 95831",Sacramento County,
145,5302 Boyce Springs Dr,Houston,TX,77066,"5302 Boyce Springs Dr, Houston, TX 77066",Harris,
146,5 Stillwell Dr,Plainville,CT,6062,"5 Stillwell Dr, Plainville, CT 06062",Hartford,
147,1873 W Schwartz Blvd,Lady Lake,FL,32159,"1873 W Schwartz Blvd, Lady Lake, FL 32159",Lake,
148,11514 Annette Ave,Tampa,FL,33637,"11514 Annette Ave, Unit 136, Tampa, FL 33637",Hillsborough County,Unit 136
149,1171 Prospect Rd,Pittsburgh,PA,15227,"1171 Prospect Rd, Pittsburgh, PA 15227",Allegheny,
150,5271 Columbia Rd,Columbia,MD,21044,"5271 Columbia Rd, Columbia, MD 21044",Howard,
151,1525 Potomac Dr,Houston,TX,77057,"1525 Potomac Dr, Houston, TX 77057",Harris,
152,2195 Theda Ave,Memphis,TN,38127,"2195 Theda Ave, Memphis, TN 38127",Shelby,
153,5114 Cottage Creek Ln,Richmond,TX,77469,"5114 Cottage Creek Ln, Richmond, TX 77469",Fort Bend,
154,2237 Brighton Pl,Harvey,LA,70058,"2237 Brighton Pl, Harvey, LA 70058",Jefferson,
155,2334 Shoreham Dr,Saint Joseph,MI,49085,"2334 Shoreham Dr, Saint Joseph, MI 49085",Berrien County,
156,4603 Mcknight Mill Rd,Greensboro,NC,27405,"4603 Mcknight Mill Rd, Greensboro, NC 27405",Guilford,
157,3878 N Nc 16 Business Hwy,Denver,NC,28037,"3878 N Nc 16 Business Hwy, Denver, NC 28037",Lincoln,
158,144 S Peck Dr,Beverly Hills,CA,90212,"144 S Peck Dr, Beverly Hills, CA 90212",Los Angeles,
159,18233 Cypress Haven Dr,Tampa,FL,33647,"18233 Cypress Haven Dr, Tampa, FL 33647",Hillsborough,
160,2796 Jacamar Ave NE,Saint Michael,MN,55376,"2796 Jacamar Ave NE, Saint Michael, MN 55376",Wright,
161,708 Skyview Dr,Nashville,TN,37206,"708 Skyview Dr, Nashville, TN 37206",Davidson,
162,1708 E Woodbury Rd,Pasadena,CA,91104,"1708 E Woodbury Rd, Pasadena, CA 91104",Los Angeles,
163,10316 E 211th St,Noblesville,IN,46062,"10316 E 211th St, Noblesville, IN 46062",Hamilton,
164,339 Allendale Pl,Flint,MI,48503,"339 Allendale Pl, Flint, MI 48503",Genesee,
165,33001 Vine St,Willowick,OH,44095,"33001 Vine St, Apt D10, Willowick, OH 44095",Lake,Apt D10
166,3620 Moreno Ave,La Verne,CA,91750,"3620 Moreno Ave, Spc 45, La Verne, CA 91750",Los Angeles,Spc 45
167,8757 49th Ter E,Bradenton,FL,34211,"8757 49th Ter E, Bradenton, FL 34211",Manatee,
168,105 Chestnut Ln,Mars Hill,NC,28754,"105 Chestnut Ln, Lot 105, Mars Hill, NC 28754",Yancey County,Lot 105
169,26 Pivot Ave,North Las Vegas,NV,89031,"26 Pivot Ave, North Las Vegas, NV 89031",Clark,
170,136 Squaw Valley Ln,Tafton,PA,18464,"136 Squaw Valley Ln, Tafton, PA 18464",Pike County,
171,4706 N Winthrop Ave,Chicago,IL,60640,"4706 N Winthrop Ave, Apt 2A, Chicago, IL 60640",Cook,Apt 2A
172,406 Cold Spring Dr,College Station,TX,77845,"406 Cold Spring Dr, College Station, TX 77845",Brazos,
173,6884 Ducketts Ln,Elkridge,MD,21075,"6884 Ducketts Ln, Elkridge, MD 21075",Howard,
174,3600 Clarinth Rd,Baltimore,MD,21215,"3600 Clarinth Rd, Apt 2B, Baltimore, MD 21215",Baltimore City,Apt 2B
175,1816 S Washington St,Kokomo,IN,46902,"1816 S Washington St, Kokomo, IN 46902",Howard,
176,10511 Lindley Ave,Porter Ranch,CA,91326,"10511 Lindley Ave, Apt 239, Porter Ranch, CA 91326",Los Angeles,Apt 239
177,455 E Jefferson St,Butler,PA,16001,"455 E Jefferson St, Butler, PA 16001",Butler,
178,2505 W Slaughter Ln,Austin,TX,78748,"2505 W Slaughter Ln, Apt D, Austin, TX 78748",Travis,Apt D
179,409 Heathrow Dr,Florence,AL,35633,"409 Heathrow Dr, Florence, AL 35633",Lauderdale County,
180,190 Van Nostrand Ave,Jersey City,NJ,7305,"190 Van Nostrand Ave, Apt 44, Jersey City, NJ 07305",Hudson,Apt 44
181,9427 Castlegap Dr,Spring,TX,77379,"9427 Castlegap Dr, Spring, TX 77379",Harris,
182,1200 W Cheyenne Ave,North Las Vegas,NV,89030,"1200 W Cheyenne Ave, Apt 2084, North Las Vegas, NV 89030",Clark,Apt 2084
183,2210 N 160th St,Omaha,NE,68116,"2210 N 160th St, Omaha, NE 68116",Douglas,
184,PO Box 5151,Fallon,NV,89407,"PO Box 5151, Fallon, NV 89407",Churchill,
185,1339 Parkway Ct,Houston,TX,77077,"1339 Parkway Ct, Houston, TX 77077",Harris,
186,6501 Wilmington Oaks Dr,Cedar Hill,MO,63016,"6501 Wilmington Oaks Dr, Cedar Hill, MO 63016",Jefferson,
187,7725 N Ashland Ave,Chicago,IL,60626,"7725 N Ashland Ave, Apt 3, Chicago, IL 60626",Cook,Apt 3
188,6 Village By The Lake Ln,Southern Pines,NC,28387,"6 Village By The Lake Ln, Southern Pines, NC 28387",Moore County,
189,3540 N Escala Ct,Park City,UT,84098,"3540 N Escala Ct, # C-33, Park City, UT 84098",Summit,# C-33
190,7900 Calle Torcido,Bakersfield,CA,93309,"7900 Calle Torcido, Bakersfield, CA 93309",Kern,
191,5128 Kingsley Dr,Indianapolis,IN,46205,"5128 Kingsley Dr, Indianapolis, IN 46205",Marion,
192,512 Spruce St E,Ilwaco,WA,98624,"512 Spruce St E, Ilwaco, WA 98624",Pacific County,
193,3501 N FM 492,Mission,TX,78574,"3501 N FM 492, Mission, TX 78574",Hidalgo,
194,741 Nw 18th Pl,Miami,FL,33125,"741 Nw 18th Pl, Apt B, Miami, FL 33125",Miami-Dade,Apt B
195,11109 Whitney Ln,Hagerstown,MD,21742,"11109 Whitney Ln, Hagerstown, MD 21742",Washington,
196,713 Silver Pearl St,Henderson,NV,89002,"713 Silver Pearl St, Henderson, NV 89002",Clark,
197,309 Feronia Way,Rutherford,NJ,7070,"309 Feronia Way, Rutherford, NJ 07070",Bergen,
198,841 25th St,Newport News,VA,23607,"841 25th St, Newport News, VA 23607",Newport News City,
199,3205 Lloyds Ln,Mobile,AL,36693,"3205 Lloyds Ln, Apt M1, Mobile, AL 36693",Mobile,Apt M1
200,61-55 98th St,Rego Park,NY,11374,"61-55 98th St, Unit 8D, Rego Park, NY 11374",Queens County,Unit 8D
201,15644 S Church St,Olathe,KS,66062,"15644 S Church St, Unit 1200, Olathe, KS 66062",Johnson,Unit 1200
202,1934 Sarafina Dr,Prescott,AZ,86301,"1934 Sarafina Dr, Prescott, AZ 86301",Yavapai,
203,2691 El Camino Dr,Turlock,CA,95380,"2691 El Camino Dr, Turlock, CA 95380",Stanislaus County,
204,40 Red Barn Rd,Trumbull,CT,6611,"40 Red Barn Rd, Trumbull, CT 06611",Fairfield,
205,7819 Nikis Xing,Conroe,TX,77304,"7819 Nikis Xing, Conroe, TX 77304",Montgomery,
206,17458 Bellflower Blvd,Bellflower,CA,90706,"17458 Bellflower Blvd, Bellflower, CA 90706",Los Angeles,
207,1320 S Florence Pl,Tulsa,OK,74104,"1320 S Florence Pl, Tulsa, OK 74104",Tulsa,
208,1 Coveney Rd,Buchanan,MI,49107,"1 Coveney Rd, Buchanan, MI 49107",Berrien County,
209,9006 Villa Park Cir,Dallas,TX,75225,"9006 Villa Park Cir, Dallas, TX 75225",Dallas,
210,28 Arrowwood Ct,Durham,NC,27712,"28 Arrowwood Ct, Durham, NC 27712",Durham,
211,130 Alps Rd,Branford,CT,6405,"130 Alps Rd, Branford, CT 06405",New Haven,
212,6815 Ridge Ave,Philadelphia,PA,19128,"6815 Ridge Ave, Philadelphia, PA 19128",Philadelphia,
213,7063 Mira Vista St,Las Vegas,NV,89120,"7063 Mira Vista St, Las Vegas, NV 89120",Clark,
214,5130 Linton Blvd,Delray Beach,FL,33484,"5130 Linton Blvd, Ste G5, Delray Beach, FL 33484",Palm Beach,Ste G5
215,299 Doubles Ln,Davenport,FL,33837,"299 Doubles Ln, Davenport, FL 33837",Polk,
216,323 Huntington,Newport,MI,48166,"323 Huntington, Newport, MI 48166",Monroe,
217,12524 Crest Spg Ln,Orlando,FL,32828,"12524 Crest Spg Ln, Apt 1234, Orlando, FL 32828",Orange,Apt 1234
218,100 Sw 130th Ter,Pembroke Pines,FL,33027,"100 Sw 130th Ter, Apt 401C, Pembroke Pines, FL 33027",Broward,Apt 401C
219,2005 Dodge Trl,Grand Prairie,TX,75052,"2005 Dodge Trl, Grand Prairie, TX 75052",Dallas,
220,1420 W Mcdermott Dr,Allen,TX,75013,"1420 W Mcdermott Dr, Apt 1018, Allen, TX 75013",Collin,Apt 1018
221,PO Box 801299,Balch Springs,TX,75180,"PO Box 801299, Balch Springs, TX 75180",Dallas,
222,20 Webb Pl,Mansfield,MA,2048,"20 Webb Pl, Apt 2C, Mansfield, MA 02048",Bristol,Apt 2C
223,221 Geneva Dr,Sedona,AZ,86336,"221 Geneva Dr, Sedona, AZ 86336",Coconino,
224,120 Aspen Dr,Stephens City,VA,22655,"120 Aspen Dr, Stephens City, VA 22655",Frederick,
225,1020 Lavaca,Canyon Lake,TX,78133,"1020 Lavaca, Canyon Lake, TX 78133",Comal,
226,25 Spring Water Ct,Williams Township,PA,18042,"25 Spring Water Ct, Williams Township, PA 18042",Northampton County,
227,715 Northern Trl,Leander,TX,78641,"715 Northern Trl, Leander, TX 78641",Williamson,
228,3229 Raven Cir,Lexington,KY,40502,"3229 Raven Cir, Lexington, KY 40502",Fayette,
229,70 Russell St,New Bedford,MA,2740,"70 Russell St, Apt 5, New Bedford, MA 02740",Bristol,Apt 5
230,1350 1st St,Cottage Hills,IL,62018,"1350 1st St, Cottage Hills, IL 62018",Madison,
231,2625 Easton Blvd,Des Moines,IA,50317,"2625 Easton Blvd, Des Moines, IA 50317",Polk,
232,4500 W Federal Way,Queen Creek,AZ,85142,"4500 W Federal Way, Queen Creek, AZ 85142",Pinal,
233,7927 Chilton Stage,San Antonio,TX,78255,"7927 Chilton Stage, San Antonio, TX 78255",Bexar,
234,620 Gramac Ln,Pittsburgh,PA,15235,"620 Gramac Ln, Pittsburgh, PA 15235",Allegheny,
235,1616 N Rosa Ln,Saratoga Springs,UT,84045,"1616 N Rosa Ln, Saratoga Springs, UT 84045",Utah,
236,1707 N West St,Wichita,KS,67203,"1707 N West St, Wichita, KS 67203",Sedgwick,
237,6005 Wormar Ave,Fort Worth,TX,76133,"6005 Wormar Ave, Fort Worth, TX 76133",Tarrant,
238,19840 Larbert St,Canyon Country,CA,91351,"19840 Larbert St, Canyon Country, CA 91351",Los Angeles,
239,43321 Carol Dr,Lancaster,CA,93535,"43321 Carol Dr, Lancaster, CA 93535",Los Angeles,
240,1948 Harvest Ln,Nevada,TX,75173,"1948 Harvest Ln, Nevada, TX 75173",Collin,
241,1520 N Fieldcrest Cir,Wichita,KS,67212,"1520 N Fieldcrest Cir, Wichita, KS 67212",Sedgwick,
242,1609 N Treasure Dr,North Bay Village,FL,33141,"1609 N Treasure Dr, North Bay Village, FL 33141",Miami-Dade,
243,1218 Ne 17th Ave,Fort Lauderdale,FL,33304,"1218 Ne 17th Ave, Fort Lauderdale, FL 33304",Broward,
244,5801 W Business 83,Harlingen,TX,78552,"5801 W Business 83, Lot 23, Harlingen, TX 78552",Cameron,Lot 23
245,3743 Landon Ct,Gulf Breeze,FL,32563,"3743 Landon Ct, Gulf Breeze, FL 32563",Santa Rosa,
246,22727 Bridgewater Dr,Spring,TX,77373,"22727 Bridgewater Dr, Spring, TX 77373",Harris,
247,689 Casey Rd,East Amherst,NY,14051,"689 Casey Rd, East Amherst, NY 14051",Erie,
248,14494 S Ronan Ln,Herriman,UT,84096,"14494 S Ronan Ln, Unit 102, Herriman, UT 84096",Salt Lake,Unit 102
249,10374 Vena Ave,Arleta,CA,91331,"10374 Vena Ave, Arleta, CA 91331",Los Angeles,
250,8781 Lake Jordan Way,Dinwiddie,VA,23803,"8781 Lake Jordan Way, North, Dinwiddie, VA 23803",Dinwiddie,North
251,441 E Covington Cir N,Stansbury Park,UT,84074,"441 E Covington Cir N, Stansbury Park, UT 84074",Tooele County,
252,2402 Westchester Ave,Ellicott City,MD,21043,"2402 Westchester Ave, Ellicott City, MD 21043",Baltimore,
253,230 Front St,Salinas,CA,93901,"230 Front St, Apt G, Salinas, CA 93901",Monterey,Apt G
254,5595 N Us Hwy,De Berry,TX,75639,"5595 N Us Hwy, 79, De Berry, TX 75639",Panola County,79
255,6824 N Algonquin Ave,Chicago,IL,60646,"6824 N Algonquin Ave, Chicago, IL 60646",Cook,
256,650 N Sam Houston Pkwy E,Houston,TX,77060,"650 N Sam Houston Pkwy E, Ste 500, Houston, TX 77060",Harris,Ste 500
257,PO Box 190486,Little Rock,AR,72219,"PO Box 190486, Little Rock, AR 72219",Pulaski,
258,2217 Concord Dr,Pittsburg,CA,94565,"2217 Concord Dr, Pittsburg, CA 94565",Contra Costa,
259,9523 Lost Eagle Dr,Houston,TX,77064,"9523 Lost Eagle Dr, Houston, TX 77064",Harris,
260,804 2nd Ave,Joliet,IL,60433,"804 2nd Ave, Joliet, IL 60433",Will,
261,2013 Adams St,Hollywood,FL,33020,"2013 Adams St, Hollywood, FL 33020",Broward,
262,825 Garrow Rd,Newport News,VA,23608,"825 Garrow Rd, Newport News, VA 23608",Newport News City,
263,1212 West Ave,Elyria,OH,44035,"1212 West Ave, Elyria, OH 44035",Lorain,
264,2380 Watt Ave,Sacramento,CA,95825,"2380 Watt Ave, Ste 105, Sacramento, CA 95825",Sacramento,Ste 105
265,2662 Eagle Ridge Dr,Grand Junction,CO,81503,"2662 Eagle Ridge Dr, Grand Junction, CO 81503",Mesa,
266,15612 Gramercy Pl,Gardena,CA,90249,"15612 Gramercy Pl, Gardena, CA 90249",Los Angeles,
267,13970 Ramhurst Dr,La Mirada,CA,90638,"13970 Ramhurst Dr, Apt 8, La Mirada, CA 90638",Los Angeles,Apt 8
268,2700 N Grand Ave,Tyler,TX,75702,"2700 N Grand Ave, Apt M130, Tyler, TX 75702",Smith,Apt M130
269,700 58th Ave N,Brooklyn Center,MN,55430,"700 58th Ave N, Brooklyn Center, MN 55430",Hennepin County,
270,380 Church St,Saint Ignace,MI,49781,"380 Church St, Apt 7, Saint Ignace, MI 49781",Mackinac County,Apt 7
271,1625 Eastern Hills Dr,Clarksville,TN,37043,"1625 Eastern Hills Dr, Clarksville, TN 37043",Montgomery,
272,22329 Century Dr,Taylor,MI,48180,"22329 Century Dr, Taylor, MI 48180",Wayne,
273,6504 Arbor Ridge Dr,Crestwood,KY,40014,"6504 Arbor Ridge Dr, Crestwood, KY 40014",Oldham,
274,1603 Charlestown Station Ct,New Albany,IN,47150,"1603 Charlestown Station Ct, Unit 2, New Albany, IN 47150",Floyd County,Unit 2
275,9801 W Parmer Ln,Austin,TX,78717,"9801 W Parmer Ln, Apt 2333, Austin, TX 78717",Williamson,Apt 2333
276,20 Alberta St,Rochester,NY,14619,"20 Alberta St, Rochester, NY 14619",Monroe,
277,224 Eureka Ave,Lodi,CA,95240,"224 Eureka Ave, Lodi, CA 95240",San Joaquin,
278,33 Broadway,Milford,CT,6460,"33 Broadway, Apt 2, Milford, CT 06460",New Haven,Apt 2
279,1955 1st Ave,New York,NY,10029,"1955 1st Ave, Apt 321, New York, NY 10029",New York,Apt 321
280,3362 159th St,Flushing,NY,11358,"3362 159th St, Flushing, NY 11358",Queens,
281,12856 Emmer Pl,Saint Paul,MN,55124,"12856 Emmer Pl, Saint Paul, MN 55124",Dakota,
282,38 W Grand,Highland Park,MI,48203,"38 W Grand, Highland Park, MI 48203",Wayne,
283,19932 Edgewood Ln,Huntington Beach,CA,92646,"19932 Edgewood Ln, Huntington Beach, CA 92646",Orange,
284,PO Box 66069,Saint Petersburg,FL,33736,"PO Box 66069, Saint Petersburg, FL 33736",Pinellas,
285,13940 86th Rd,Jamaica,NY,11435,"13940 86th Rd, Jamaica, NY 11435",Queens,
286,73 Genesis Ln,Camden,SC,29020,"73 Genesis Ln, Camden, SC 29020",Kershaw,
287,3001 Cliff Dr,Fort Smith,AR,72901,"3001 Cliff Dr, Fort Smith, AR 72901",Sebastian,
288,6771 Hickory Creek Rd,Chattanooga,TN,37421,"6771 Hickory Creek Rd, Chattanooga, TN 37421",Hamilton,
289,200 Sw 29th Ave,Miami,FL,33135,"200 Sw 29th Ave, Miami, FL 33135",Miami-Dade,
290,3272 W Lake Mary Blvd,Lake Mary,FL,32746,"3272 W Lake Mary Blvd, Ste 1810, Lake Mary, FL 32746",Seminole,Ste 1810
291,335 W North St,Carey,OH,43316,"335 W North St, Carey, OH 43316",Wyandot,
292,617 Uwharrie St,Asheboro,NC,27203,"617 Uwharrie St, Apt M, Asheboro, NC 27203",Randolph,Apt M
293,394 Forest Ave,Locust Valley,NY,11560,"394 Forest Ave, Apt 2, Locust Valley, NY 11560",Nassau,Apt 2
294,512 Claude Simmons Rd,Johnson City,TN,37604,"512 Claude Simmons Rd, Johnson City, TN 37604",Washington,
295,2218 Brentwood Dr,Springfield,IL,62704,"2218 Brentwood Dr, Springfield, IL 62704",Sangamon,
296,391 Valencia St,San Francisco,CA,94103,"391 Valencia St, Apt 202, San Francisco, CA 94103",San Francisco,Apt 202
297,305 Wickerberry Way,Athens,AL,35611,"305 Wickerberry Way, Athens, AL 35611",Limestone,
298,758 Se 55th Pl,Hillsboro,OR,97123,"758 Se 55th Pl, Hillsboro, OR 97123",Washington,
299,602 S Hammonds Ferry Rd,Linthicum Heights,MD,21090,"602 S Hammonds Ferry Rd, Linthicum Heights, MD 21090",Anne Arundel,
300,13887 Santa Ana Ave,Fontana,CA,92337,"13887 Santa Ana Ave, Fontana, CA 92337",San Bernardino,
301,600 Ne 36th St,Miami,FL,33137,"600 Ne 36th St, Apt 1914, Miami, FL 33137",Miami-Dade,Apt 1914
302,6304 Decker Dr,Baytown,TX,77520,"6304 Decker Dr, Apt 804, Baytown, TX 77520",Harris,Apt 804
303,540 Brookside Dr,Richmond,CA,94801,"540 Brookside Dr, Richmond, CA 94801",Contra Costa,
304,1384 E Decamp St,Burton,MI,48529,"1384 E Decamp St, Burton, MI 48529",Genesee,
305,1304 Koocksville Rd,Mason,TX,76856,"1304 Koocksville Rd, Mason, TX 76856",Mason,
306,429 Meandering Creek Dr,Argyle,TX,76226,"429 Meandering Creek Dr, Argyle, TX 76226",Denton,
307,4812 Elkmont Rd,Orlando,FL,32808,"4812 Elkmont Rd, Orlando, FL 32808",Orange,
308,3717 Teeside Dr,New Port Richey,FL,34655,"3717 Teeside Dr, New Port Richey, FL 34655",Pasco,
309,22061 Shallowater Ln,Estero,FL,34135,"22061 Shallowater Ln, Estero, FL 34135",Lee,
310,99 Geneva St,Bath,NY,14810,"99 Geneva St, Bath, NY 14810",Steuben,
311,225 Morning Dale Rd,Matthews,NC,28105,"225 Morning Dale Rd, Matthews, NC 28105",Mecklenburg,
312,459 40th St,Brooklyn,NY,11232,"459 40th St, Apt 1L, Brooklyn, NY 11232",Kings,Apt 1L
313,4749 E 174th St,Cleveland,OH,44128,"4749 E 174th St, Cleveland, OH 44128",Cuyahoga,
314,604 Allen St,Clinton,NC,28328,"604 Allen St, Clinton, NC 28328",Sampson,
315,2 Park Ave,Bryn Mawr,PA,19010,"2 Park Ave, Bryn Mawr, PA 19010",Delaware,
316,3940 E Stanford Ave,Gilbert,AZ,85234,"3940 E Stanford Ave, Gilbert, AZ 85234",Maricopa,
317,720 W Lewis St,San Diego,CA,92103,"720 W Lewis St, Unit 14, San Diego, CA 92103",San Diego,Unit 14
318,2740 Trenton Rd,Clarksville,TN,37040,"2740 Trenton Rd, Apt 1906, Clarksville, TN 37040",Montgomery,Apt 1906
319,9832 Ashley Dr,Seminole,FL,33772,"9832 Ashley Dr, Seminole, FL 33772",Pinellas,
320,2504 S Lamonte St,Spokane,WA,99203,"2504 S Lamonte St, Spokane, WA 99203",Spokane County,
321,6 Old Castle Ct,Spring,TX,77382,"6 Old Castle Ct, Spring, TX 77382",Montgomery,
322,3308 Monclova Dr,Laredo,TX,78046,"3308 Monclova Dr, Laredo, TX 78046",Webb,
323,3400 Kay St,Austin,TX,78702,"3400 Kay St, Austin, TX 78702",Travis,
324,111 N Burns St,Independence,KS,67301,"111 N Burns St, Independence, KS 67301",Montgomery,
325,10601 Menchaca Rd,Austin,TX,78748,"10601 Menchaca Rd, Apt 6108, Austin, TX 78748",Travis,Apt 6108
326,763 Kimberly Ln,Manchester,TN,37355,"763 Kimberly Ln, Manchester, TN 37355",Coffee,
327,8748 Brecksville Rd,Brecksville,OH,44141,"8748 Brecksville Rd, Ste 110, Brecksville, OH 44141",Cuyahoga,Ste 110
328,7740 S Morgan St,Chicago,IL,60620,"7740 S Morgan St, Chicago, IL 60620",Cook,
329,31680 Avenida Maravilla,Cathedral City,CA,92234,"31680 Avenida Maravilla, Cathedral City, CA 92234",Riverside,
330,759 Edgerton St,Saint Paul,MN,55130,"759 Edgerton St, Saint Paul, MN 55130",Ramsey,
331,8706 White Quail,San Antonio,TX,78250,"8706 White Quail, San Antonio, TX 78250",Bexar,
332,1845 E FM 544,Wylie,TX,75098,"1845 E FM 544, Wylie, TX 75098",Collin,
333,114 Oak Knoll Dr,San Antonio,TX,78228,"114 Oak Knoll Dr, San Antonio, TX 78228",Bexar,
334,4250 Antelope Ln,Snellville,GA,30039,"4250 Antelope Ln, Snellville, GA 30039",Gwinnett,
335,1035 Nancy Ln,Winston Salem,NC,27107,"1035 Nancy Ln, Winston Salem, NC 27107",Forsyth,
336,17 Granite St,Brooklyn,NY,11207,"17 Granite St, Apt 2R, Brooklyn, NY 11207",Kings,Apt 2R
337,142 Princeton Ave,Buffalo,NY,14226,"142 Princeton Ave, Apt 1, Buffalo, NY 14226",Erie,Apt 1
338,2122 Teakwood Ln,Plano,TX,75075,"2122 Teakwood Ln, Plano, TX 75075",Collin,
339,312 50th Avenue Dr W,Bradenton,FL,34207,"312 50th Avenue Dr W, Bradenton, FL 34207",Manatee,
340,208 Freeport Rd,North East,PA,16428,"208 Freeport Rd, North East, PA 16428",Erie County,
341,19 Franklinwood Dr,Greensboro,NC,27401,"19 Franklinwood Dr, Greensboro, NC 27401",Guilford,
342,2439 Emmanuel Church Rd,Conover,NC,28613,"2439 Emmanuel Church Rd, Conover, NC 28613",Catawba,
343,232 Kingsmeadow Ln,Blacklick,OH,43004,"232 Kingsmeadow Ln, Blacklick, OH 43004",Franklin,
344,820 W Indiantown Rd,Jupiter,FL,33458,"820 W Indiantown Rd, Ste 103, Jupiter, FL 33458",Palm Beach,Ste 103
345,712 West Ave,Levelland,TX,79336,"712 West Ave, Levelland, TX 79336",Hockley,
346,534 Quail Hollow Dr,Prescott,AZ,86303,"534 Quail Hollow Dr, Prescott, AZ 86303",Yavapai,
347,1778 W State St,Sycamore,IL,60178,"1778 W State St, Apt 2, Sycamore, IL 60178",Dekalb,Apt 2
348,666 Greenwich St,New York,NY,10014,"666 Greenwich St, Apt 752, New York, NY 10014",New York County,Apt 752
349,5515 Guess Rd,Durham,NC,27712,"5515 Guess Rd, Durham, NC 27712",Durham,
350,1910 Glenmorrie Ln,Lake Oswego,OR,97034,"1910 Glenmorrie Ln, Lake Oswego, OR 97034",Clackamas,
351,9054A 17th Ave SW,Seattle,WA,98106,"9054A 17th Ave SW, Seattle, WA 98106",King,
352,940 San Gabriel St,Rockdale,TX,76567,"940 San Gabriel St, Rockdale, TX 76567",Milam,
353,11900 City Park Central Ln,Houston,TX,77047,"11900 City Park Central Ln, Apt 1108, Houston, TX 77047",Harris,Apt 1108
354,173 Dino Rd,Bristol,CT,6010,"173 Dino Rd, Bristol, CT 06010",Hartford,
355,13834 N Walking Y Ln,Prescott,AZ,86305,"13834 N Walking Y Ln, Prescott, AZ 86305",Yavapai,
356,3088 Toomey Pl,Santa Clara,CA,95051,"3088 Toomey Pl, Santa Clara, CA 95051",Santa Clara,
357,2145 Honey Dr,San Diego,CA,92139,"2145 Honey Dr, Apt 15, San Diego, CA 92139",San Diego,Apt 15
358,454 Prince of Wales,Stone Mountain,GA,30083,"454 Prince of Wales, Stone Mountain, GA 30083",Dekalb,
359,318 E Wyandotte St,Stockton,CA,95204,"318 E Wyandotte St, Stockton, CA 95204",San Joaquin,
360,26 Yorkshire Rd,Sicklerville,NJ,8081,"26 Yorkshire Rd, Sicklerville, NJ 08081",Camden,
361,5757 Gladstone Way,Capitol Heights,MD,20743,"5757 Gladstone Way, Capitol Heights, MD 20743",Prince Georges,
362,1708 N Roxboro St,Durham,NC,27701,"1708 N Roxboro St, Durham, NC 27701",Durham,
363,732 Grant Ave,Casper,WY,82601,"732 Grant Ave, Casper, WY 82601",Natrona,
364,PO Box 325,East Mc Keesport,PA,15035,"PO Box 325, East Mc Keesport, PA 15035",Allegheny,
365,240 S Shackleford Rd,Little Rock,AR,72211,"240 S Shackleford Rd, Ste A, Little Rock, AR 72211",Pulaski,Ste A
366,1606 W Texas Ave,Baytown,TX,77520,"1606 W Texas Ave, Baytown, TX 77520",Harris,
367,7 Hawser Pl,Coram,NY,11727,"7 Hawser Pl, Coram, NY 11727",Suffolk County,
368,1827 Garfield Pl,Los Angeles,CA,90028,"1827 Garfield Pl, Apt 101, Los Angeles, CA 90028",Los Angeles,Apt 101
369,13806 61st Ave W,Edmonds,WA,98026,"13806 61st Ave W, Edmonds, WA 98026",Snohomish County,
370,4017 Scarlet Dr,Matthews,NC,28104,"4017 Scarlet Dr, Matthews, NC 28104",Union,
371,29 Riverview Dr,Oak Ridge,TN,37830,"29 Riverview Dr, Oak Ridge, TN 37830",Anderson,
372,4651 E Alpine Dr,Post Falls,ID,83854,"4651 E Alpine Dr, Post Falls, ID 83854",Kootenai,
373,20 Skyward,Irvine,CA,92620,"20 Skyward, Irvine, CA 92620",Orange,
374,1206 Mule Deer Dr,Arlington,TX,76002,"1206 Mule Deer Dr, Arlington, TX 76002",Tarrant,
375,909 Jimson Weed Dr,Socorro,TX,79927,"909 Jimson Weed Dr, Socorro, TX 79927",El Paso County,
376,908 19th St,Eunice,NM,88231,"908 19th St, Eunice, NM 88231",Lea,
377,24109 Willowbrooke Ct,Valencia,CA,91354,"24109 Willowbrooke Ct, Valencia, CA 91354",Los Angeles,
378,735 Halifax Ln,Brick,NJ,8724,"735 Halifax Ln, Brick, NJ 08724",Ocean,
379,16 Sage Field Ln,Latham,NY,12110,"16 Sage Field Ln, Latham, NY 12110",Albany County,
380,165 Lexington Ave,New York,NY,10016,"165 Lexington Ave, Unit 5C, New York, NY 10016",New York County,Unit 5C
381,11 Ranch Valley Rd,Little Rock,AR,72207,"11 Ranch Valley Rd, Little Rock, AR 72207",Pulaski,
382,263 Deephaven Dr,Cincinnati,OH,45238,"263 Deephaven Dr, Cincinnati, OH 45238",Hamilton,
383,908 Oak St,Johnson City,TN,37601,"908 Oak St, Johnson City, TN 37601",Washington,
384,9543 W Reno View Dr,Peoria,AZ,85345,"9543 W Reno View Dr, Peoria, AZ 85345",Maricopa,
385,3080 Congress Park Dr,Lake Worth,FL,33461,"3080 Congress Park Dr, Apt 817, Lake Worth, FL 33461",Palm Beach,Apt 817
386,412 Stafford St,Edna,TX,77957,"412 Stafford St, Edna, TX 77957",Jackson,
387,105 N Calhoun St,Mount Vernon,GA,30445,"105 N Calhoun St, Mount Vernon, GA 30445",Montgomery County,
388,820 Webb St,Sumter,SC,29150,"820 Webb St, Sumter, SC 29150",Sumter,
389,3004 Greyhawk Ct,Spring Hill,TN,37174,"3004 Greyhawk Ct, Spring Hill, TN 37174",Williamson,
390,1601 Green St,San Francisco,CA,94123,"1601 Green St, Apt 1, San Francisco, CA 94123",San Francisco,Apt 1
391,521 N Anaheim Blvd,Anaheim,CA,92805,"521 N Anaheim Blvd, Anaheim, CA 92805",Orange,
392,4223 N Huson St,Tacoma,WA,98407,"4223 N Huson St, Tacoma, WA 98407",Pierce,
393,3244 Inverness Ct,Orlando,FL,32806,"3244 Inverness Ct, Orlando, FL 32806",Orange,
394,3585 W 106th Ter,Hialeah,FL,33018,"3585 W 106th Ter, Hialeah, FL 33018",Miami-Dade,
395,5773 Walsh Rd,Hector,NY,14841,"5773 Walsh Rd, Hector, NY 14841",Schuyler,
396,12509 Park Knoll Dr,Cleveland,OH,44125,"12509 Park Knoll Dr, Cleveland, OH 44125",Cuyahoga,
397,2925 Billy Williams St,Mobile,AL,36612,"2925 Billy Williams St, Mobile, AL 36612",Mobile,
398,1806 Janice Ave,Orlando,FL,32803,"1806 Janice Ave, Orlando, FL 32803",Orange,
399,118 Stonehedge Dr,Warner Robins,GA,31088,"118 Stonehedge Dr, Warner Robins, GA 31088",Houston,
400,42138 Purplebush Ave Apt 35-d,Lancaster,CA,93536,"42138 Purplebush Ave Apt 35-d, Lancaster, CA 93536",Los Angeles,
401,2277 Banning Rd,Cincinnati,OH,45239,"2277 Banning Rd, Apt 222, Cincinnati, OH 45239",Hamilton,Apt 222
402,2072 Nc Hwy,Creedmoor,NC,27522,"2072 Nc Hwy, 96, Creedmoor, NC 27522",Granville,96
403,16 Spring St,Haverstraw,NY,10927,"16 Spring St, Haverstraw, NY 10927",Rockland County,
404,Cty Rd,Westcliffe,CO,81252,"Cty Rd, # 160, Westcliffe, CO 81252",Custer County,# 160
405,606 Center Ave,Janesville,WI,53545,"606 Center Ave, Unit Upper, Janesville, WI 53545",Rock County,Unit Upper
406,666 Sanmortiz Dr,Bayfield,CO,81122,"666 Sanmortiz Dr, Bayfield, CO 81122",La Plata County,
407,7117 Hop St,Azle,TX,76020,"7117 Hop St, Azle, TX 76020",Tarrant,
408,313 Canterberry Ln,Oak Brook,IL,60523,"313 Canterberry Ln, Oak Brook, IL 60523",Dupage,
409,6601 Sw 18th St,Pembroke Pines,FL,33023,"6601 Sw 18th St, Apt 105, Pembroke Pines, FL 33023",Broward,Apt 105
410,1293 Biscayne Grove Ln,Jacksonville,FL,32218,"1293 Biscayne Grove Ln, Jacksonville, FL 32218",Duval,
411,4975 Bonita Beach Rd,Bonita Springs,FL,34134,"4975 Bonita Beach Rd, Unit 607, Bonita Springs, FL 34134",Collier,Unit 607
412,4210 220th St SW,Mountlake Terrace,WA,98043,"4210 220th St SW, Mountlake Terrace, WA 98043",Snohomish,
413,6360 Vistaridge Ln,Madeira,OH,45227,"6360 Vistaridge Ln, Madeira, OH 45227",Hamilton,
414,2223 Ne Clipper Pl,Fort Lauderdale,FL,33312,"2223 Ne Clipper Pl, Unit 5206, Fort Lauderdale, FL 33312",Broward County,Unit 5206
415,1224 Sunbeam Cv,Anna,TX,75409,"1224 Sunbeam Cv, Anna, TX 75409",Collin,
416,2481 W Bravura Dr,Citrus Springs,FL,34433,"2481 W Bravura Dr, Citrus Springs, FL 34433",Citrus,
417,1913 Apollo Ct,Walnut Creek,CA,94598,"1913 Apollo Ct, Walnut Creek, CA 94598",Contra Costa,
418,784 Willow Creek Dr,Fairlawn,OH,44333,"784 Willow Creek Dr, Fairlawn, OH 44333",Summit,
419,285 Evergreen Rd,Fitzgerald,GA,31750,"285 Evergreen Rd, Fitzgerald, GA 31750",Ben Hill County,
420,15115 Mesa Dr,Humble,TX,77396,"15115 Mesa Dr, Apt 256, Humble, TX 77396",Harris,Apt 256
421,1128 Somerset Cir S,Dunedin,FL,34698,"1128 Somerset Cir S, Dunedin, FL 34698",Pinellas,
422,17 Bonair Ave,Waterbury,CT,6710,"17 Bonair Ave, Waterbury, CT 06710",New Haven,
423,1400 W Peachtree St NW,Atlanta,GA,30309,"1400 W Peachtree St NW, Unit 1815, Atlanta, GA 30309",Fulton,Unit 1815
424,5800 Nw 64th Ave,Tamarac,FL,33319,"5800 Nw 64th Ave, Apt 104, Tamarac, FL 33319",Broward,Apt 104
425,3203 Dawnwood Dr,Spring,TX,77380,"3203 Dawnwood Dr, Spring, TX 77380",Montgomery,
426,5733 Cypress Ln,North Little Rock,AR,72117,"5733 Cypress Ln, North Little Rock, AR 72117",Pulaski,
427,5934 Haverford Ave,Philadelphia,PA,19151,"5934 Haverford Ave, Philadelphia, PA 19151",Philadelphia,
428,112 Fleet Pl,New York City,NY,11201,"112 Fleet Pl, Unit 4B, New York City, NY 11201",Kings County,Unit 4B
429,695 Owen Rd,York,PA,17403,"695 Owen Rd, York, PA 17403",York,
430,812 85th St,Miami Beach,FL,33141,"812 85th St, Miami Beach, FL 33141",Miami-Dade County,
431,PO Box 546,Lakeland,MI,48143,"PO Box 546, Lakeland, MI 48143",Livingston,
432,12913 Alton Sq,Herndon,VA,20170,"12913 Alton Sq, Apt 102, Herndon, VA 20170",Fairfax,Apt 102
433,11232 Wheeling Dr,Tampa,FL,33625,"11232 Wheeling Dr, Tampa, FL 33625",Hillsborough,
434,2004 W Government St,Pensacola,FL,32502,"2004 W Government St, Pensacola, FL 32502",Escambia,
435,8196 N Cedar Springs Rd,Eagle Mountain,UT,84005,"8196 N Cedar Springs Rd, Apt 1, Eagle Mountain, UT 84005",Utah,Apt 1
436,98 S Flickering Sun Cir,The Woodlands,TX,77382,"98 S Flickering Sun Cir, The Woodlands, TX 77382",Montgomery,
437,720 Wood St,Bristol,PA,19007,"720 Wood St, Bristol, PA 19007",Bucks,
438,3008 Breeden Ave,San Antonio,TX,78212,"3008 Breeden Ave, Apt 3, San Antonio, TX 78212",Bexar,Apt 3
439,30115 Redwood Peak Ln,Brookshire,TX,77423,"30115 Redwood Peak Ln, Brookshire, TX 77423",Waller,
440,112 Foxford Ln,Mullica Hill,NJ,8062,"112 Foxford Ln, Mullica Hill, NJ 08062",Gloucester County,
441,1 W End Ct,Long Branch,NJ,7740,"1 W End Ct, Apt 5, Long Branch, NJ 07740",Monmouth,Apt 5
442,155 N Nassau Ave,Massapequa,NY,11758,"155 N Nassau Ave, Massapequa, NY 11758",Nassau,
443,2925 61st Ave NE,Federal Way,WA,98422,"2925 61st Ave NE, Federal Way, WA 98422",Pierce,
444,355 E Mountain Vista Pl,Oro Valley,AZ,85704,"355 E Mountain Vista Pl, Oro Valley, AZ 85704",Pima County,
445,521 University Blvd,Daytona Beach,FL,32118,"521 University Blvd, Apt 2, Daytona Beach, FL 32118",Volusia,Apt 2
446,39831 High St,Cherry Valley,CA,92223,"39831 High St, Cherry Valley, CA 92223",Riverside,
447,114 N Martin Luther King Jr Ave,Clearwater,FL,33755,"114 N Martin Luther King Jr Ave, Clearwater, FL 33755",Pinellas,
448,L88 Amberwood Ln,Janesville,WI,53545,"L88 Amberwood Ln, Lot 88, Janesville, WI 53545",Rock County,Lot 88
449,185 Sexton Rd,West Babylon,NY,11704,"185 Sexton Rd, West Babylon, NY 11704",Suffolk,
450,2815 Yarling Ct,Falls Church,VA,22042,"2815 Yarling Ct, Falls Church, VA 22042",Fairfax,
451,2695 S Kihei Rd,Kihei,HI,96753,"2695 S Kihei Rd, Apt 10401, Kihei, HI 96753",Maui,Apt 10401
452,3 North Cir,Matawan,NJ,7747,"3 North Cir, Matawan, NJ 07747",Monmouth,
453,1901 S Cedar St,Little Rock,AR,72204,"1901 S Cedar St, Little Rock, AR 72204",Pulaski,
454,Highland Rd,Baton Rouge,LA,70802,"Highland Rd, Lot 55, Baton Rouge, LA 70802",East Baton Rouge,Lot 55
455,4925 White Bud Ct,Windermere,FL,34786,"4925 White Bud Ct, Windermere, FL 34786",Orange,
456,PO Box 8952,Savannah,GA,31412,"PO Box 8952, Savannah, GA 31412",Chatham,
457,1317 W Brazil St,Compton,CA,90220,"1317 W Brazil St, Compton, CA 90220",Los Angeles,
458,4968 Dunkirk St,Denver,CO,80249,"4968 Dunkirk St, Denver, CO 80249",Denver,
459,8600 W Charleston Blvd,Las Vegas,NV,89117,"8600 W Charleston Blvd, Apt 2071, Las Vegas, NV 89117",Clark,Apt 2071
460,757 Peninsula Dr,Davidson,NC,28036,"757 Peninsula Dr, Davidson, NC 28036",Mecklenburg,
461,77 Fulton St,New York City,NY,10038,"77 Fulton St, Apt 11K, New York City, NY 10038",New York,Apt 11K
462,10 Kirkwood St NE,Rome,GA,30161,"10 Kirkwood St NE, Rome, GA 30161",Floyd,
463,318 W 122nd St,Los Angeles,CA,90061,"318 W 122nd St, Los Angeles, CA 90061",Los Angeles,
464,1101 Ellis Ave,Orangeburg,SC,29115,"1101 Ellis Ave, Orangeburg, SC 29115",Orangeburg,
465,630 8th St,Wilmette,IL,60091,"630 8th St, Wilmette, IL 60091",Cook,
466,606 N 25th St,Reading,PA,19606,"606 N 25th St, Reading, PA 19606",Berks,
467,10665 Quinn St,Shirley,IL,61772,"10665 Quinn St, Shirley, IL 61772",McLean,
468,2419 Ontario Rd NW,Washington,DC,20009,"2419 Ontario Rd NW, Apt 301, Washington, DC 20009",Fairfax City County,Apt 301
469,106 Spyglass Dr,Lufkin,TX,75901,"106 Spyglass Dr, Lufkin, TX 75901",Angelina,
470,10110 Westview Dr,Houston,TX,77043,"10110 Westview Dr, Apt 2403, Houston, TX 77043",Harris,Apt 2403
471,1005 Tanbark Rd,Lexington,KY,40515,"1005 Tanbark Rd, Apt 226, Lexington, KY 40515",Fayette,Apt 226
472,15740 Beau Ridge Dr,Woodbridge,VA,22193,"15740 Beau Ridge Dr, Woodbridge, VA 22193",Prince William,
473,1773 Wells Branch Pkwy,Austin,TX,78728,"1773 Wells Branch Pkwy, Apt 504, Austin, TX 78728",Travis,Apt 504
474,221 Hollyfern St,Henderson,NV,89074,"221 Hollyfern St, Henderson, NV 89074",Clark,
475,435 Virginia Ave,Indianapolis,IN,46203,"435 Virginia Ave, Unit 502, Indianapolis, IN 46203",Marion,Unit 502
476,10030 Lower Azusa Rd,El Monte,CA,91731,"10030 Lower Azusa Rd, El Monte, CA 91731",Los Angeles,
477,1518 Dorado Dr,Kissimmee,FL,34741,"1518 Dorado Dr, # B, Kissimmee, FL 34741",Osceola,# B
478,6504 Blue Rock Ct,Elk Grove,CA,95758,"6504 Blue Rock Ct, Elk Grove, CA 95758",Sacramento,
479,44 Lake Forest Dr,Greenville,SC,29609,"44 Lake Forest Dr, Greenville, SC 29609",Greenville,
480,3135 Anzio Dr,Dallas,TX,75224,"3135 Anzio Dr, Dallas, TX 75224",Dallas,
481,3725 And 3727 Se Jackson St,Milwaukie,OR,97222,"3725 And 3727 Se Jackson St, Milwaukie, OR 97222",Clackamas,
482,22022 N Calle Royale,Scottsdale,AZ,85255,"22022 N Calle Royale, Scottsdale, AZ 85255",Maricopa,
483,4711 Kings Mill Way,Owings Mills,MD,21117,"4711 Kings Mill Way, Owings Mills, MD 21117",Baltimore,
484,630 S Voyager Dr,Gilbert,AZ,85296,"630 S Voyager Dr, Gilbert, AZ 85296",Maricopa,
485,8810 Bestride Bnd,Austin,TX,78744,"8810 Bestride Bnd, Unit A, Austin, TX 78744",Travis,Unit A
486,723 W San Angelo St,Gilbert,AZ,85233,"723 W San Angelo St, Gilbert, AZ 85233",Maricopa,
487,17 Tougas Ave,Manchester,NH,3109,"17 Tougas Ave, Manchester, NH 03109",Hillsborough,
488,1107 Verde Dr,Bryan,TX,77801,"1107 Verde Dr, Apt 35, Bryan, TX 77801",Brazos,Apt 35
489,6360 Nw 13th Ter,Bell,FL,32619,"6360 Nw 13th Ter, Bell, FL 32619",Gilchrist County,
490,8343 E Thomas Rd,Scottsdale,AZ,85251,"8343 E Thomas Rd, Scottsdale, AZ 85251",Maricopa,
491,6800 Placida Rd,Englewood,FL,34224,"6800 Placida Rd, Unit 182, Englewood, FL 34224",Charlotte,Unit 182
492,7 Sunset Rd,Raymond,ME,4071,"7 Sunset Rd, Raymond, ME 04071",Cumberland,
493,3714 N Wittfield St,Indianapolis,IN,46235,"3714 N Wittfield St, Indianapolis, IN 46235",Marion,
494,1517 Brandy Ct,Bakersfield,CA,93307,"1517 Brandy Ct, Bakersfield, CA 93307",Kern,
495,21314 N Monroe Rd,Spokane,WA,99208,"21314 N Monroe Rd, Spokane, WA 99208",Spokane County,
496,76321 Louis Quave Rd,Covington,LA,70435,"76321 Louis Quave Rd, Covington, LA 70435",Saint Tammany,
497,1661 E Cardinal Dr,Casa Grande,AZ,85122,"1661 E Cardinal Dr, Casa Grande, AZ 85122",Pinal,
498,409 Town Woods Trce,Summerville,SC,29483,"409 Town Woods Trce, Summerville, SC 29483",Dorchester,
499,2414 Lake Park Rd,Lexington,KY,40502,"2414 Lake Park Rd, Apt 3204, Lexington, KY 40502",Fayette,Apt 3204
500,3311 Barnes Ln,Manvel,TX,77578,"3311 Barnes Ln, Manvel, TX 77578",Brazoria,
